{
  "ads" : [
    {
      "title" : "New Meals",
      "image" : "https://external-content.duckduckgo.com/iu/?u=https%3A%2F%2Fwww.cookingclassy.com%2Fwp-content%2Fuploads%2F2021%2F05%2Fpancakes-03.jpg&f=1&nofb=1&ipt=d6522c964b7468c4f9a42c017ff29dc28806e2166586eabcf6aad393a681d9ec&ipo=images"
    },
    {
      "title" : "Healthy Meals",
      "image" : "https://external-content.duckduckgo.com/iu/?u=https%3A%2F%2Fi0.wp.com%2Fvegecravings.com%2Fwp-content%2Fuploads%2F2020%2F02%2FVeg-Kadai-Recipe-Step-By-Step-Instructions.jpg%3Ffit%3D2537%2C2431%26quality%3D65%26strip%3Dall%26ssl%3D1&f=1&nofb=1&ipt=7d01b8f480294c813c1548c8835d4739445b26277cdf219affcee3cd8e218ad3&ipo=images"

    },
    {
      "title" : "Less Carbs Meals",
      "image" : "https://external-content.duckduckgo.com/iu/?u=https%3A%2F%2Fwww.wallpaperflare.com%2Fstatic%2F778%2F966%2F360%2Fgreek-cooking-recipe-lettuce-wallpaper.jpg&f=1&nofb=1&ipt=d368b40582b66339031ebdc23aaaad0d225155af57a897834200c15d0bccd2d0&ipo=images"

    }

  ],
  "recipes" : [
    {
      "id" : 1,
      "meal_type" : "breakfast",
      "title" : "test title",
      "description" : "test description",
      "image" : "network_image",
      "rating" : 4,
      "calories" : 100,
      "prep_time" : 120,
      "serving" : 2
    }
  ]
}